name,sequence
KM_1922_811_Scn9a_Mus,CCTGGCTGTGGTAGCCATGG
KM_1924_812_Scn9a_Mus,GGACCCTCAGCCCTCATGCT
KM_1926_813_Scn9a_Mus,AACCCTCTGCCAGGAGAAGA
KM_1928_814_Scn9a_Mus,GTGTCTCTAGTTACTTTAGT
KM_1930_815_Scn9a_Mus,ATCACCATCATGGTTCTTAT
KM_1932_816_Scn9a_Mus,TTTGTGGTAGTGATCCTCTC
KM_1934_817_Scn9a_Mus,AATGTTAACGAGAACTCAAG
KM_1936_818_Scn9a_Mus,ACACTGTTTACAGCCTGCGA
KM_1938_819_Scn9a_Mus,TTATGGACATCTTTGGCATT
KM_1940_820_Scn9a_Mus,ACTTTAGCGCTTGTTTGAGC
KM_1942_821_Scn9a_Mus,AAAATAAGTCATTAAAACAC
KM_1944_822_Scn9a_Mus,AGAGTATGTGTGAATCTTAT
KM_1946_823_Scn9a_Mus,TATCTGTAATTTACTATTAA
KM_1948_824_Scn9a_Mus,TAGTGTTTGGACTAACTCTA
KM_1950_825_Scn9a_Mus,AGTTTTGTAAAAGAGTGAAA
KM_1952_826_Scn9a_Mus,ACTTAAAAACTGTTAATAGA
KM_1954_827_Hbb_Mus,AGCTTTGGAGACCTATCCTC
KM_1956_828_Trp53_Mus,GGAGAGTATTTCACCCTCAA
KM_1958_829_Trp53_Mus,AGTTGTCAGGTCTCTGCTGG
KM_1960_830_HEKsite_18_1_Hs,TTCCAGTTAAGGAGAGGAAT
KM_1962_831_HEKsite_18_2_Hs,GAACGTCTGTCCTTACCCCT
KM_1964_832_HEKsite_1_3_Hs,AGAACACCCATAAGAACAAC
KM_1966_833_HEKsite_1_2_Hs,AACTTTAGATGTCTGTTTCC
KM_1968_834_TTR_1269_Hs,GGCAGGACTGCCTCGGACAG
KM_1970_835_Emx1_Hs,GCATTTCTGTTTTAATTTAT
KM_1972_836_Fancf_Hs,GATAAAAGAATCAAACTTTT
KM_1974_837_Vegfa_Hs,ATTCATTGATCCGGGTTTTA
KM_1976_838_Vegfa_Hs,CCGGGTTTTATCCCTCTTCT
KM_1978_839_HEKsite_3_1_Hs,GCTTTTTTTCTGCTTCTCCA
KM_1980_840_FANCF_1_Hs,CCTGGGAGGCAGAGGTTGCA
KM_1982_841_FANCF_2_Hs,TCTTTTATCATCAAGCATTA
KM_1984_842_FANCF_3_Hs,GATAAAAGAATCAAACTTTT
KM_1986_843_LDLR_1_Hs,GATGGCGGCTGGAAAAGTGG
KM_1988_844_LDLR_2_Hs,GTATTCAATCATGAATTAGG
KM_1990_845_LDLR_3_Hs,GTGAATTTCACATAACATGA
KM_1992_846_RUNX_1_Hs,TTAGAATCAATTTAACATGA
KM_1994_847_RUNX_2_Hs,TCTAAATCAAATACTCAACG
KM_1996_848_RUNX_3_Hs,GGACTTCTTTTTAAACAATG
KM_1998_849_RUNX_4_Hs,ATTATTGATGTTGATCATAA
KM_2000_850_RUNX_5_Hs,GTTGATCATAACAGCTAACA
KM_2002_851_RUNX_6_Hs,CATAACAGCTAACAGTTTTT
KM_2004_852_RUNX_7_Hs,GGCTACATATCAGAAGGCTT
KM_2006_853_RUNX_8_Hs,ATTGATGGCTACATATCAGA
KM_2008_854_RUNX_9_Hs,CTTAGTGATGAAATATTTCT
KM_2010_TnpB_ABE_Mus_reRNA_1,AGTGGTGTCTGTGCAGGCCA
KM_2012_TnpB_ABE_Mus_reRNA_2,TGAAAACTTCAGTGATATCG
KM_2014_TnpB_ABE_Mus_reRNA_3,ATACTGTAAAGAAGCAGAAA
KM_2016_TnpB_ABE_Mus_reRNA_4,TTCTACTCAAGCCGCTCTAC
KM_2018_TnpB_ABE_Mus_reRNA_5,TATTATATATGAGTTCACTG
KM_2020_TnpB_ABE_Mus_reRNA_6,GGCAGAAGGTACACAGCAAC
KM_2022_TnpB_ABE_Mus_reRNA_7,GACCCTCTTACCTGCTCTGC
KM_2024_TnpB_ABE_Mus_reRNA_8,AAGGAGATTATACCCAGAAT
KM_2026_TnpB_ABE_Mus_reRNA_9,TACACAAAAAAGAATTTTAT
KM_2028_TnpB_ABE_Mus_reRNA_10,ATTGATGAACACACTCTCCA
KM_2030_TnpB_ABE_Mus_reRNA_11,TGTGTTTACATATAATAATA
KM_2032_TnpB_ABE_Mus_reRNA_12,GATGGACTGTTATATGGAAC
KM_2034_TnpB_ABE_Mus_reRNA_13,AGTCTTGCATTAGTATAATT
KM_2036_TnpB_ABE_Mus_reRNA_14,GATGTAAATAAAATATGTAA
KM_2038_TnpB_ABE_Mus_reRNA_15,TCCCATGTTTCAGTTAATAG
KM_2040_TnpB_ABE_Mus_reRNA_16,GATCATAGCCATCCTATCCA
KM_2042_TnpB_ABE_Mus_reRNA_17,TATTTAAATCCAACTAAATT
KM_2044_TnpB_ABE_Mus_reRNA_18,AATTAACTAATTCAAATGAG
KM_2046_TnpB_ABE_Mus_reRNA_19,ACGAGCCGCCAGTGACTAAC
KM_2048_TnpB_ABE_Mus_reRNA_20,ATTTCCCCATTTGAAGCCAA
KM_2050_TnpB_ABE_Hsclin_reRNA_1,TATAGTTAAAAATATGCCAC
KM_2052_TnpB_ABE_Hsclin_reRNA_2,GCTGAGCTAAATCTTTGATA
KM_2054_TnpB_ABE_Hsclin_reRNA_3,GCCTGGAAAAATGAGCAGTG
KM_2056_TnpB_ABE_Hsclin_reRNA_4,GAGCGGGGCAGCTCGGAAGA
KM_2058_TnpB_ABE_Hsclin_reRNA_5,CACCAGCAGAGGCGCAAACC
KM_2060_TnpB_ABE_Hsclin_reRNA_6,TTGTGGAACACCGAGAGCAG